faq_id,policy_id,chunk_id,category,intent,question,answer,allowed_roles,regions,policy_section,form_name,form_link,contact_id,variant_type,source,access_status
FAQ-LV-01-01,LV-01,POL-AL-3.1,Annual Leave,leave entitlement,Do employees get 18 paid leave days?,Employees are entitled to 18 paid annual leave days per calendar year.,ALL,ALL,Annual Leave Policy §3.1,Annual Leave Request Form,,CONTACT-HR-OPERATIONS,direct,hr_faq.csv,APPROVED
FAQ-LV-01-02,LV-01,POL-AL-3.1,Annual Leave,leave entitlement,How many days of paid leave are available to me?,Employees are entitled to 18 paid annual leave days per calendar year.,ALL,ALL,Annual Leave Policy §3.1,Annual Leave Request Form,,CONTACT-HR-OPERATIONS,direct,hr_faq.csv,APPROVED
FAQ-LV-01-03,LV-01,POL-AL-3.1,Annual Leave,leave entitlement,How many paid annual leave days do I get?,Employees are entitled to 18 paid annual leave days per calendar year.,ALL,ALL,Annual Leave Policy §3.1,Annual Leave Request Form,,CONTACT-HR-OPERATIONS,direct,hr_faq.csv,APPROVED
FAQ-LV-01-04,LV-01,POL-AL-3.1,Annual Leave,leave entitlement,How many paid leave days can I use in a year?,Employees are entitled to 18 paid annual leave days per calendar year.,ALL,ALL,Annual Leave Policy §3.1,Annual Leave Request Form,,CONTACT-HR-OPERATIONS,direct,hr_faq.csv,APPROVED
FAQ-LV-01-05,LV-01,POL-AL-3.1,Annual Leave,leave entitlement,How much paid time off do employees receive?,Employees are entitled to 18 paid annual leave days per calendar year.,ALL,ALL,Annual Leave Policy §3.1,Annual Leave Request Form,,CONTACT-HR-OPERATIONS,direct,hr_faq.csv,APPROVED
FAQ-LV-02-01,LV-02,POL-AL-3.2,Annual Leave,apply for leave,Can I request annual leave through the HR portal?,Annual leave must be requested through the HR portal using the Annual Leave Request Form.,ALL,ALL,Annual Leave Policy §3.2,Annual Leave Request Form,,CONTACT-HR-OPERATIONS,direct,hr_faq.csv,APPROVED
FAQ-LV-02-02,LV-02,POL-AL-3.2,Annual Leave,apply for leave,How can I put in a leave request?,Annual leave must be requested through the HR portal using the Annual Leave Request Form.,ALL,ALL,Annual Leave Policy §3.2,Annual Leave Request Form,,CONTACT-HR-OPERATIONS,direct,hr_faq.csv,APPROVED
FAQ-LV-02-03,LV-02,POL-AL-3.2,Annual Leave,apply for leave,How do I apply for annual leave?,Annual leave must be requested through the HR portal using the Annual Leave Request Form.,ALL,ALL,Annual Leave Policy §3.2,Annual Leave Request Form,,CONTACT-HR-OPERATIONS,direct,hr_faq.csv,APPROVED
FAQ-LV-02-04,LV-02,POL-AL-3.2,Annual Leave,apply for leave,How do I book my paid leave?,Annual leave must be requested through the HR portal using the Annual Leave Request Form.,ALL,ALL,Annual Leave Policy §3.2,Annual Leave Request Form,,CONTACT-HR-OPERATIONS,direct,hr_faq.csv,APPROVED
FAQ-LV-02-05,LV-02,POL-AL-3.2,Annual Leave,apply for leave,How do I submit paid time off?,Annual leave must be requested through the HR portal using the Annual Leave Request Form.,ALL,ALL,Annual Leave Policy §3.2,Annual Leave Request Form,,CONTACT-HR-OPERATIONS,direct,hr_faq.csv,APPROVED
FAQ-LV-03-01,LV-03,POL-AL-3.3,Annual Leave,notice period,Can I request annual leave at short notice?,Employees should normally submit annual leave requests at least 3 working days in advance.,ALL,ALL,Annual Leave Policy §3.3,Annual Leave Request Form,,CONTACT-HR-OPERATIONS,direct,hr_faq.csv,APPROVED
FAQ-LV-03-02,LV-03,POL-AL-3.3,Annual Leave,notice period,Do I need to give 3 working days' notice?,Employees should normally submit annual leave requests at least 3 working days in advance.,ALL,ALL,Annual Leave Policy §3.3,Annual Leave Request Form,,CONTACT-HR-OPERATIONS,direct,hr_faq.csv,APPROVED
FAQ-LV-03-03,LV-03,POL-AL-3.3,Annual Leave,notice period,How early should my annual leave request be?,Employees should normally submit annual leave requests at least 3 working days in advance.,ALL,ALL,Annual Leave Policy §3.3,Annual Leave Request Form,,CONTACT-HR-OPERATIONS,direct,hr_faq.csv,APPROVED
FAQ-LV-03-04,LV-03,POL-AL-3.3,Annual Leave,notice period,How far in advance should I request annual leave?,Employees should normally submit annual leave requests at least 3 working days in advance.,ALL,ALL,Annual Leave Policy §3.3,Annual Leave Request Form,,CONTACT-HR-OPERATIONS,direct,hr_faq.csv,APPROVED
FAQ-LV-03-05,LV-03,POL-AL-3.3,Annual Leave,notice period,How many days before leave should I apply?,Employees should normally submit annual leave requests at least 3 working days in advance.,ALL,ALL,Annual Leave Policy §3.3,Annual Leave Request Form,,CONTACT-HR-OPERATIONS,direct,hr_faq.csv,APPROVED
FAQ-LV-04-01,LV-04,POL-AL-3.4,Annual Leave,half day,Are half-day leave requests allowed?,Annual leave may be taken in half-day increments.,ALL,ALL,Annual Leave Policy §3.4,Annual Leave Request Form,,CONTACT-HR-OPERATIONS,direct,hr_faq.csv,APPROVED
FAQ-LV-04-02,LV-04,POL-AL-3.4,Annual Leave,half day,Can I request a half day off?,Annual leave may be taken in half-day increments.,ALL,ALL,Annual Leave Policy §3.4,Annual Leave Request Form,,CONTACT-HR-OPERATIONS,direct,hr_faq.csv,APPROVED
FAQ-LV-04-03,LV-04,POL-AL-3.4,Annual Leave,half day,Can I take 0.5 days of annual leave?,Annual leave may be taken in half-day increments.,ALL,ALL,Annual Leave Policy §3.4,Annual Leave Request Form,,CONTACT-HR-OPERATIONS,direct,hr_faq.csv,APPROVED
FAQ-LV-04-04,LV-04,POL-AL-3.4,Annual Leave,half day,Can I take half-day annual leave?,Annual leave may be taken in half-day increments.,ALL,ALL,Annual Leave Policy §3.4,Annual Leave Request Form,,CONTACT-HR-OPERATIONS,direct,hr_faq.csv,APPROVED
FAQ-LV-04-05,LV-04,POL-AL-3.4,Annual Leave,half day,Can I use annual leave in half-day increments?,Annual leave may be taken in half-day increments.,ALL,ALL,Annual Leave Policy §3.4,Annual Leave Request Form,,CONTACT-HR-OPERATIONS,direct,hr_faq.csv,APPROVED
FAQ-LV-05-01,LV-05,POL-AL-3.5,Annual Leave,carry forward,Can I roll over my leave balance?,Up to 5 unused annual leave days may be carried forward to the following calendar year.,ALL,ALL,Annual Leave Policy §3.5,,,CONTACT-HR-OPERATIONS,direct,hr_faq.csv,APPROVED
FAQ-LV-05-02,LV-05,POL-AL-3.5,Annual Leave,carry forward,Can I save unused vacation for next year?,Up to 5 unused annual leave days may be carried forward to the following calendar year.,ALL,ALL,Annual Leave Policy §3.5,,,CONTACT-HR-OPERATIONS,direct,hr_faq.csv,APPROVED
FAQ-LV-05-03,LV-05,POL-AL-3.5,Annual Leave,carry forward,Can unused annual leave be carried forward?,Up to 5 unused annual leave days may be carried forward to the following calendar year.,ALL,ALL,Annual Leave Policy §3.5,,,CONTACT-HR-OPERATIONS,direct,hr_faq.csv,APPROVED
FAQ-LV-05-04,LV-05,POL-AL-3.5,Annual Leave,carry forward,Do my unused paid leave days expire?,Up to 5 unused annual leave days may be carried forward to the following calendar year.,ALL,ALL,Annual Leave Policy §3.5,,,CONTACT-HR-OPERATIONS,direct,hr_faq.csv,APPROVED
FAQ-LV-05-05,LV-05,POL-AL-3.5,Annual Leave,carry forward,How many annual leave days can I carry over?,Up to 5 unused annual leave days may be carried forward to the following calendar year.,ALL,ALL,Annual Leave Policy §3.5,,,CONTACT-HR-OPERATIONS,direct,hr_faq.csv,APPROVED
FAQ-LV-06-01,LV-06,POL-AL-3.6,Annual Leave,encashment,Can I cash out my remaining leave?,"Eligible unused annual leave may be encashed at separation, subject to company policy and applicable rules.",ALL,ALL,Annual Leave Policy §3.6,Separation/Leave Encashment Form,,CONTACT-HR-OPERATIONS,direct,hr_faq.csv,APPROVED
FAQ-LV-06-02,LV-06,POL-AL-3.6,Annual Leave,encashment,Can I encash unused annual leave?,"Eligible unused annual leave may be encashed at separation, subject to company policy and applicable rules.",ALL,ALL,Annual Leave Policy §3.6,Separation/Leave Encashment Form,,CONTACT-HR-OPERATIONS,direct,hr_faq.csv,APPROVED
FAQ-LV-06-03,LV-06,POL-AL-3.6,Annual Leave,encashment,Can unused vacation days be paid out?,"Eligible unused annual leave may be encashed at separation, subject to company policy and applicable rules.",ALL,ALL,Annual Leave Policy §3.6,Separation/Leave Encashment Form,,CONTACT-HR-OPERATIONS,direct,hr_faq.csv,APPROVED
FAQ-LV-06-04,LV-06,POL-AL-3.6,Annual Leave,encashment,Do I get money for unused annual leave?,"Eligible unused annual leave may be encashed at separation, subject to company policy and applicable rules.",ALL,ALL,Annual Leave Policy §3.6,Separation/Leave Encashment Form,,CONTACT-HR-OPERATIONS,direct,hr_faq.csv,APPROVED
FAQ-LV-06-05,LV-06,POL-AL-3.6,Annual Leave,encashment,Is leave encashment available when I leave the company?,"Eligible unused annual leave may be encashed at separation, subject to company policy and applicable rules.",ALL,ALL,Annual Leave Policy §3.6,Separation/Leave Encashment Form,,CONTACT-HR-OPERATIONS,direct,hr_faq.csv,APPROVED
FAQ-LV-07-01,LV-07,POL-AL-3.7,Annual Leave,leave rejection,Can a manager decline my leave?,A manager may decline or request a different date when there is a genuine operational requirement.,ALL,ALL,Annual Leave Policy §3.7,Annual Leave Request Form,,CONTACT-REPORTING-MANAGER,direct,hr_faq.csv,APPROVED
FAQ-LV-07-02,LV-07,POL-AL-3.7,Annual Leave,leave rejection,Can business requirements affect my leave approval?,A manager may decline or request a different date when there is a genuine operational requirement.,ALL,ALL,Annual Leave Policy §3.7,Annual Leave Request Form,,CONTACT-REPORTING-MANAGER,direct,hr_faq.csv,APPROVED
FAQ-LV-07-03,LV-07,POL-AL-3.7,Annual Leave,leave rejection,Can my annual leave request be rejected?,A manager may decline or request a different date when there is a genuine operational requirement.,ALL,ALL,Annual Leave Policy §3.7,Annual Leave Request Form,,CONTACT-REPORTING-MANAGER,direct,hr_faq.csv,APPROVED
FAQ-LV-07-04,LV-07,POL-AL-3.7,Annual Leave,leave rejection,Can my manager deny my vacation request?,A manager may decline or request a different date when there is a genuine operational requirement.,ALL,ALL,Annual Leave Policy §3.7,Annual Leave Request Form,,CONTACT-REPORTING-MANAGER,direct,hr_faq.csv,APPROVED
FAQ-LV-07-05,LV-07,POL-AL-3.7,Annual Leave,leave rejection,Under what circumstances can my leave be rejected?,A manager may decline or request a different date when there is a genuine operational requirement.,ALL,ALL,Annual Leave Policy §3.7,Annual Leave Request Form,,CONTACT-REPORTING-MANAGER,direct,hr_faq.csv,APPROVED
FAQ-LV-08-01,LV-08,POL-AL-3.8,Annual Leave,leaving company,Do I lose my unused vacation when I leave the company?,Eligible unused annual leave is handled during separation according to the leave encashment policy.,ALL,ALL,Annual Leave Policy §3.8,Separation/Leave Encashment Form,,CONTACT-HR-OPERATIONS,direct,hr_faq.csv,APPROVED
FAQ-LV-08-02,LV-08,POL-AL-3.8,Annual Leave,leaving company,Is unused leave settled when employment ends?,Eligible unused annual leave is handled during separation according to the leave encashment policy.,ALL,ALL,Annual Leave Policy §3.8,Separation/Leave Encashment Form,,CONTACT-HR-OPERATIONS,direct,hr_faq.csv,APPROVED
FAQ-LV-08-03,LV-08,POL-AL-3.8,Annual Leave,leaving company,What happens to my leave balance when I resign?,Eligible unused annual leave is handled during separation according to the leave encashment policy.,ALL,ALL,Annual Leave Policy §3.8,Separation/Leave Encashment Form,,CONTACT-HR-OPERATIONS,direct,hr_faq.csv,APPROVED
FAQ-LV-08-04,LV-08,POL-AL-3.8,Annual Leave,leaving company,What happens to my unused annual leave when I leave?,Eligible unused annual leave is handled during separation according to the leave encashment policy.,ALL,ALL,Annual Leave Policy §3.8,Separation/Leave Encashment Form,,CONTACT-HR-OPERATIONS,direct,hr_faq.csv,APPROVED
FAQ-LV-08-05,LV-08,POL-AL-3.8,Annual Leave,leaving company,Will my remaining annual leave be paid when I leave?,Eligible unused annual leave is handled during separation according to the leave encashment policy.,ALL,ALL,Annual Leave Policy §3.8,Separation/Leave Encashment Form,,CONTACT-HR-OPERATIONS,direct,hr_faq.csv,APPROVED
FAQ-SL-01-01,SL-01,POL-SL-4.1,Sick Leave,sick leave entitlement,Do I get 10 paid sick days?,Employees receive 10 paid sick leave days per calendar year.,ALL,ALL,Sick Leave Policy §4.1,Sick Leave Request Form,,CONTACT-HR-OPERATIONS,direct,hr_faq.csv,APPROVED
FAQ-SL-01-02,SL-01,POL-SL-4.1,Sick Leave,sick leave entitlement,How many paid sick leave days do I get?,Employees receive 10 paid sick leave days per calendar year.,ALL,ALL,Sick Leave Policy §4.1,Sick Leave Request Form,,CONTACT-HR-OPERATIONS,direct,hr_faq.csv,APPROVED
FAQ-SL-01-03,SL-01,POL-SL-4.1,Sick Leave,sick leave entitlement,How many sick days can I take each year?,Employees receive 10 paid sick leave days per calendar year.,ALL,ALL,Sick Leave Policy §4.1,Sick Leave Request Form,,CONTACT-HR-OPERATIONS,direct,hr_faq.csv,APPROVED
FAQ-SL-01-04,SL-01,POL-SL-4.1,Sick Leave,sick leave entitlement,How much sick leave am I entitled to?,Employees receive 10 paid sick leave days per calendar year.,ALL,ALL,Sick Leave Policy §4.1,Sick Leave Request Form,,CONTACT-HR-OPERATIONS,direct,hr_faq.csv,APPROVED
FAQ-SL-01-05,SL-01,POL-SL-4.1,Sick Leave,sick leave entitlement,What is the company's sick leave entitlement?,Employees receive 10 paid sick leave days per calendar year.,ALL,ALL,Sick Leave Policy §4.1,Sick Leave Request Form,,CONTACT-HR-OPERATIONS,direct,hr_faq.csv,APPROVED
FAQ-SL-02-01,SL-02,POL-SL-4.2,Sick Leave,apply for sick leave,How do I apply for sick leave?,Sick leave should be recorded through the HR portal as soon as reasonably possible.,ALL,ALL,Sick Leave Policy §4.2,Sick Leave Request Form,,CONTACT-HR-OPERATIONS,direct,hr_faq.csv,APPROVED
FAQ-SL-02-02,SL-02,POL-SL-4.2,Sick Leave,apply for sick leave,How do I record a sick day?,Sick leave should be recorded through the HR portal as soon as reasonably possible.,ALL,ALL,Sick Leave Policy §4.2,Sick Leave Request Form,,CONTACT-HR-OPERATIONS,direct,hr_faq.csv,APPROVED
FAQ-SL-02-03,SL-02,POL-SL-4.2,Sick Leave,apply for sick leave,How do I submit a sick leave request?,Sick leave should be recorded through the HR portal as soon as reasonably possible.,ALL,ALL,Sick Leave Policy §4.2,Sick Leave Request Form,,CONTACT-HR-OPERATIONS,direct,hr_faq.csv,APPROVED
FAQ-SL-02-04,SL-02,POL-SL-4.2,Sick Leave,apply for sick leave,What's the process for taking sick leave?,Sick leave should be recorded through the HR portal as soon as reasonably possible.,ALL,ALL,Sick Leave Policy §4.2,Sick Leave Request Form,,CONTACT-HR-OPERATIONS,direct,hr_faq.csv,APPROVED
FAQ-SL-02-05,SL-02,POL-SL-4.2,Sick Leave,apply for sick leave,Where can I enter sick leave in the HR system?,Sick leave should be recorded through the HR portal as soon as reasonably possible.,ALL,ALL,Sick Leave Policy §4.2,Sick Leave Request Form,,CONTACT-HR-OPERATIONS,direct,hr_faq.csv,APPROVED
FAQ-SL-03-01,SL-03,POL-SL-4.3,Sick Leave,medical certificate,Do I need a medical certificate for sick leave?,A medical certificate is required when sick leave exceeds 2 consecutive working days.,ALL,ALL,Sick Leave Policy §4.3,Sick Leave Request Form,,CONTACT-HR-OPERATIONS,direct,hr_faq.csv,APPROVED
FAQ-SL-03-02,SL-03,POL-SL-4.3,Sick Leave,medical certificate,Do I need proof from a doctor if I'm sick?,A medical certificate is required when sick leave exceeds 2 consecutive working days.,ALL,ALL,Sick Leave Policy §4.3,Sick Leave Request Form,,CONTACT-HR-OPERATIONS,direct,hr_faq.csv,APPROVED
FAQ-SL-03-03,SL-03,POL-SL-4.3,Sick Leave,medical certificate,How many sick days can I take before a medical certificate is required?,A medical certificate is required when sick leave exceeds 2 consecutive working days.,ALL,ALL,Sick Leave Policy §4.3,Sick Leave Request Form,,CONTACT-HR-OPERATIONS,direct,hr_faq.csv,APPROVED
FAQ-SL-03-04,SL-03,POL-SL-4.3,Sick Leave,medical certificate,Is a medical certificate needed for more than two days?,A medical certificate is required when sick leave exceeds 2 consecutive working days.,ALL,ALL,Sick Leave Policy §4.3,Sick Leave Request Form,,CONTACT-HR-OPERATIONS,direct,hr_faq.csv,APPROVED
FAQ-SL-03-05,SL-03,POL-SL-4.3,Sick Leave,medical certificate,When is a doctor's note required?,A medical certificate is required when sick leave exceeds 2 consecutive working days.,ALL,ALL,Sick Leave Policy §4.3,Sick Leave Request Form,,CONTACT-HR-OPERATIONS,direct,hr_faq.csv,APPROVED
FAQ-SL-04-01,SL-04,POL-SL-4.4,Sick Leave,emergency illness,Can I notify my manager after becoming ill?,Notify your manager as soon as reasonably possible and record the sick leave in the HR portal when you can.,ALL,ALL,Sick Leave Policy §4.4,Sick Leave Request Form,,CONTACT-REPORTING-MANAGER,direct,hr_faq.csv,APPROVED
FAQ-SL-04-02,SL-04,POL-SL-4.4,Sick Leave,emergency illness,How do I report an emergency sick day?,Notify your manager as soon as reasonably possible and record the sick leave in the HR portal when you can.,ALL,ALL,Sick Leave Policy §4.4,Sick Leave Request Form,,CONTACT-REPORTING-MANAGER,direct,hr_faq.csv,APPROVED
FAQ-SL-04-03,SL-04,POL-SL-4.4,Sick Leave,emergency illness,What if I am too sick to submit leave in advance?,Notify your manager as soon as reasonably possible and record the sick leave in the HR portal when you can.,ALL,ALL,Sick Leave Policy §4.4,Sick Leave Request Form,,CONTACT-REPORTING-MANAGER,direct,hr_faq.csv,APPROVED
FAQ-SL-04-04,SL-04,POL-SL-4.4,Sick Leave,emergency illness,What if I suddenly become sick and cannot apply beforehand?,Notify your manager as soon as reasonably possible and record the sick leave in the HR portal when you can.,ALL,ALL,Sick Leave Policy §4.4,Sick Leave Request Form,,CONTACT-REPORTING-MANAGER,direct,hr_faq.csv,APPROVED
FAQ-SL-04-05,SL-04,POL-SL-4.4,Sick Leave,emergency illness,What should I do if I get sick unexpectedly?,Notify your manager as soon as reasonably possible and record the sick leave in the HR portal when you can.,ALL,ALL,Sick Leave Policy §4.4,Sick Leave Request Form,,CONTACT-REPORTING-MANAGER,direct,hr_faq.csv,APPROVED
FAQ-SL-05-01,SL-05,POL-SL-4.5,Sick Leave,half day sick leave,Are half-day sick days allowed?,Sick leave may be taken in half-day increments.,ALL,ALL,Sick Leave Policy §4.5,Sick Leave Request Form,,CONTACT-HR-OPERATIONS,direct,hr_faq.csv,APPROVED
FAQ-SL-05-02,SL-05,POL-SL-4.5,Sick Leave,half day sick leave,Can I take half-day sick leave?,Sick leave may be taken in half-day increments.,ALL,ALL,Sick Leave Policy §4.5,Sick Leave Request Form,,CONTACT-HR-OPERATIONS,direct,hr_faq.csv,APPROVED
FAQ-SL-05-03,SL-05,POL-SL-4.5,Sick Leave,half day sick leave,Can I use 0.5 sick days?,Sick leave may be taken in half-day increments.,ALL,ALL,Sick Leave Policy §4.5,Sick Leave Request Form,,CONTACT-HR-OPERATIONS,direct,hr_faq.csv,APPROVED
FAQ-SL-05-04,SL-05,POL-SL-4.5,Sick Leave,half day sick leave,Can sick leave be taken for half a day?,Sick leave may be taken in half-day increments.,ALL,ALL,Sick Leave Policy §4.5,Sick Leave Request Form,,CONTACT-HR-OPERATIONS,direct,hr_faq.csv,APPROVED
FAQ-SL-05-05,SL-05,POL-SL-4.5,Sick Leave,half day sick leave,I have already used some of my leave. can I take half-day sick leave?,Sick leave may be taken in half-day increments.,ALL,ALL,Sick Leave Policy §4.5,Sick Leave Request Form,,CONTACT-HR-OPERATIONS,context_variant,hr_faq.csv,APPROVED
FAQ-SL-06-01,SL-06,POL-SL-4.6,Sick Leave,carry forward sick leave,Can I save sick leave for the following year?,Unused sick leave does not carry forward to the next calendar year.,ALL,ALL,Sick Leave Policy §4.6,,,CONTACT-HR-OPERATIONS,direct,hr_faq.csv,APPROVED
FAQ-SL-06-02,SL-06,POL-SL-4.6,Sick Leave,carry forward sick leave,Can unused sick leave be carried forward?,Unused sick leave does not carry forward to the next calendar year.,ALL,ALL,Sick Leave Policy §4.6,,,CONTACT-HR-OPERATIONS,direct,hr_faq.csv,APPROVED
FAQ-SL-06-03,SL-06,POL-SL-4.6,Sick Leave,carry forward sick leave,Do unused sick days expire?,Unused sick leave does not carry forward to the next calendar year.,ALL,ALL,Sick Leave Policy §4.6,,,CONTACT-HR-OPERATIONS,direct,hr_faq.csv,APPROVED
FAQ-SL-06-04,SL-06,POL-SL-4.6,Sick Leave,carry forward sick leave,Does sick leave roll over to next year?,Unused sick leave does not carry forward to the next calendar year.,ALL,ALL,Sick Leave Policy §4.6,,,CONTACT-HR-OPERATIONS,direct,hr_faq.csv,APPROVED
FAQ-SL-06-05,SL-06,POL-SL-4.6,Sick Leave,carry forward sick leave,I have already used some of my leave. can unused sick leave be carried forward?,Unused sick leave does not carry forward to the next calendar year.,ALL,ALL,Sick Leave Policy §4.6,,,CONTACT-HR-OPERATIONS,context_variant,hr_faq.csv,APPROVED
FAQ-UL-01-01,UL-01,POL-UL-5.1,Unpaid Leave,eligibility,Am I allowed to take unpaid leave?,"Unpaid leave may be requested when paid leave has been exhausted or for a genuine personal reason, subject to approval.",ALL,ALL,Unpaid Leave Policy §5.1,Unpaid Leave Request Form,,CONTACT-REPORTING-MANAGER,direct,hr_faq.csv,APPROVED
FAQ-UL-01-02,UL-01,POL-UL-5.1,Unpaid Leave,eligibility,Can I take time off without pay?,"Unpaid leave may be requested when paid leave has been exhausted or for a genuine personal reason, subject to approval.",ALL,ALL,Unpaid Leave Policy §5.1,Unpaid Leave Request Form,,CONTACT-REPORTING-MANAGER,direct,hr_faq.csv,APPROVED
FAQ-UL-01-03,UL-01,POL-UL-5.1,Unpaid Leave,eligibility,Can I take unpaid leave?,"Unpaid leave may be requested when paid leave has been exhausted or for a genuine personal reason, subject to approval.",ALL,ALL,Unpaid Leave Policy §5.1,Unpaid Leave Request Form,,CONTACT-REPORTING-MANAGER,direct,hr_faq.csv,APPROVED
FAQ-UL-01-04,UL-01,POL-UL-5.1,Unpaid Leave,eligibility,Is unpaid leave available if I have used all my paid leave?,"Unpaid leave may be requested when paid leave has been exhausted or for a genuine personal reason, subject to approval.",ALL,ALL,Unpaid Leave Policy §5.1,Unpaid Leave Request Form,,CONTACT-REPORTING-MANAGER,direct,hr_faq.csv,APPROVED
FAQ-UL-01-05,UL-01,POL-UL-5.1,Unpaid Leave,eligibility,When can an employee request unpaid leave?,"Unpaid leave may be requested when paid leave has been exhausted or for a genuine personal reason, subject to approval.",ALL,ALL,Unpaid Leave Policy §5.1,Unpaid Leave Request Form,,CONTACT-REPORTING-MANAGER,direct,hr_faq.csv,APPROVED
FAQ-UL-02-01,UL-02,POL-UL-5.2,Unpaid Leave,apply unpaid leave,How can I apply for leave without pay?,Submit an Unpaid Leave Request Form through the HR portal and obtain the required manager and HR approvals.,ALL,ALL,Unpaid Leave Policy §5.2,Unpaid Leave Request Form,,CONTACT-HR-OPERATIONS,direct,hr_faq.csv,APPROVED
FAQ-UL-02-02,UL-02,POL-UL-5.2,Unpaid Leave,apply unpaid leave,How do I request unpaid leave?,Submit an Unpaid Leave Request Form through the HR portal and obtain the required manager and HR approvals.,ALL,ALL,Unpaid Leave Policy §5.2,Unpaid Leave Request Form,,CONTACT-HR-OPERATIONS,direct,hr_faq.csv,APPROVED
FAQ-UL-02-03,UL-02,POL-UL-5.2,Unpaid Leave,apply unpaid leave,What's the process for unpaid leave?,Submit an Unpaid Leave Request Form through the HR portal and obtain the required manager and HR approvals.,ALL,ALL,Unpaid Leave Policy §5.2,Unpaid Leave Request Form,,CONTACT-HR-OPERATIONS,direct,hr_faq.csv,APPROVED
FAQ-UL-02-04,UL-02,POL-UL-5.2,Unpaid Leave,apply unpaid leave,Where do I submit an unpaid leave request?,Submit an Unpaid Leave Request Form through the HR portal and obtain the required manager and HR approvals.,ALL,ALL,Unpaid Leave Policy §5.2,Unpaid Leave Request Form,,CONTACT-HR-OPERATIONS,direct,hr_faq.csv,APPROVED
FAQ-UL-02-05,UL-02,POL-UL-5.2,Unpaid Leave,apply unpaid leave,Which form do I need for unpaid leave?,Submit an Unpaid Leave Request Form through the HR portal and obtain the required manager and HR approvals.,ALL,ALL,Unpaid Leave Policy §5.2,Unpaid Leave Request Form,,CONTACT-HR-OPERATIONS,direct,hr_faq.csv,APPROVED
FAQ-UL-03-01,UL-03,POL-UL-5.3,Unpaid Leave,approval,Can unpaid leave be approved for personal reasons?,"Approval depends on the reason, operational impact, available paid leave, and manager and HR review.",ALL,ALL,Unpaid Leave Policy §5.3,Unpaid Leave Request Form,,CONTACT-REPORTING-MANAGER,direct,hr_faq.csv,APPROVED
FAQ-UL-03-02,UL-03,POL-UL-5.3,Unpaid Leave,approval,What are the requirements for unpaid leave approval?,"Approval depends on the reason, operational impact, available paid leave, and manager and HR review.",ALL,ALL,Unpaid Leave Policy §5.3,Unpaid Leave Request Form,,CONTACT-REPORTING-MANAGER,direct,hr_faq.csv,APPROVED
FAQ-UL-03-03,UL-03,POL-UL-5.3,Unpaid Leave,approval,What factors are considered for unpaid leave?,"Approval depends on the reason, operational impact, available paid leave, and manager and HR review.",ALL,ALL,Unpaid Leave Policy §5.3,Unpaid Leave Request Form,,CONTACT-REPORTING-MANAGER,direct,hr_faq.csv,APPROVED
FAQ-UL-03-04,UL-03,POL-UL-5.3,Unpaid Leave,approval,When can unpaid leave be approved?,"Approval depends on the reason, operational impact, available paid leave, and manager and HR review.",ALL,ALL,Unpaid Leave Policy §5.3,Unpaid Leave Request Form,,CONTACT-REPORTING-MANAGER,direct,hr_faq.csv,APPROVED
FAQ-UL-03-05,UL-03,POL-UL-5.3,Unpaid Leave,approval,Who approves unpaid leave?,"Approval depends on the reason, operational impact, available paid leave, and manager and HR review.",ALL,ALL,Unpaid Leave Policy §5.3,Unpaid Leave Request Form,,CONTACT-REPORTING-MANAGER,direct,hr_faq.csv,APPROVED
FAQ-UL-04-01,UL-04,POL-UL-5.4,Unpaid Leave,salary impact,Does unpaid leave affect my salary?,Yes. Salary is reduced in proportion to approved unpaid leave days.,ALL,ALL,Unpaid Leave Policy §5.4,Unpaid Leave Request Form,,CONTACT-PAYROLL-HR,direct,hr_faq.csv,APPROVED
FAQ-UL-04-02,UL-04,POL-UL-5.4,Unpaid Leave,salary impact,How does unpaid leave affect payroll?,Yes. Salary is reduced in proportion to approved unpaid leave days.,ALL,ALL,Unpaid Leave Policy §5.4,Unpaid Leave Request Form,,CONTACT-PAYROLL-HR,direct,hr_faq.csv,APPROVED
FAQ-UL-04-03,UL-04,POL-UL-5.4,Unpaid Leave,salary impact,How much pay is lost during unpaid leave?,Yes. Salary is reduced in proportion to approved unpaid leave days.,ALL,ALL,Unpaid Leave Policy §5.4,Unpaid Leave Request Form,,CONTACT-PAYROLL-HR,direct,hr_faq.csv,APPROVED
FAQ-UL-04-04,UL-04,POL-UL-5.4,Unpaid Leave,salary impact,Is salary deducted for unpaid leave?,Yes. Salary is reduced in proportion to approved unpaid leave days.,ALL,ALL,Unpaid Leave Policy §5.4,Unpaid Leave Request Form,,CONTACT-PAYROLL-HR,direct,hr_faq.csv,APPROVED
FAQ-UL-04-05,UL-04,POL-UL-5.4,Unpaid Leave,salary impact,Will I lose pay if I take unpaid leave?,Yes. Salary is reduced in proportion to approved unpaid leave days.,ALL,ALL,Unpaid Leave Policy §5.4,Unpaid Leave Request Form,,CONTACT-PAYROLL-HR,direct,hr_faq.csv,APPROVED
FAQ-PL-01-01,PL-01,POL-PL-6.1,Parental Leave,entitlement,Do eligible employees get 16 weeks of parental leave?,Eligible employees may receive 16 weeks of paid parental leave.,ALL,ALL,Parental Leave Policy §6.1,Parental Leave Request Form,,CONTACT-HR-OPERATIONS,direct,hr_faq.csv,APPROVED
FAQ-PL-01-02,PL-01,POL-PL-6.1,Parental Leave,entitlement,How many weeks of parental leave do I get?,Eligible employees may receive 16 weeks of paid parental leave.,ALL,ALL,Parental Leave Policy §6.1,Parental Leave Request Form,,CONTACT-HR-OPERATIONS,direct,hr_faq.csv,APPROVED
FAQ-PL-01-03,PL-01,POL-PL-6.1,Parental Leave,entitlement,How much paid parental leave does the company provide?,Eligible employees may receive 16 weeks of paid parental leave.,ALL,ALL,Parental Leave Policy §6.1,Parental Leave Request Form,,CONTACT-HR-OPERATIONS,direct,hr_faq.csv,APPROVED
FAQ-PL-01-04,PL-01,POL-PL-6.1,Parental Leave,entitlement,How much parental leave is available?,Eligible employees may receive 16 weeks of paid parental leave.,ALL,ALL,Parental Leave Policy §6.1,Parental Leave Request Form,,CONTACT-HR-OPERATIONS,direct,hr_faq.csv,APPROVED
FAQ-PL-01-05,PL-01,POL-PL-6.1,Parental Leave,entitlement,What is the parental leave allowance?,Eligible employees may receive 16 weeks of paid parental leave.,ALL,ALL,Parental Leave Policy §6.1,Parental Leave Request Form,,CONTACT-HR-OPERATIONS,direct,hr_faq.csv,APPROVED
FAQ-PL-02-01,PL-02,POL-PL-6.2,Parental Leave,eligibility,Do I qualify for parental leave?,"Employees who have completed 6 months of continuous employment are eligible following birth, adoption, or placement of a child.",ALL,ALL,Parental Leave Policy §6.2,Parental Leave Request Form,,CONTACT-HR-OPERATIONS,direct,hr_faq.csv,APPROVED
FAQ-PL-02-02,PL-02,POL-PL-6.2,Parental Leave,eligibility,How long must I work here before parental leave?,"Employees who have completed 6 months of continuous employment are eligible following birth, adoption, or placement of a child.",ALL,ALL,Parental Leave Policy §6.2,Parental Leave Request Form,,CONTACT-HR-OPERATIONS,direct,hr_faq.csv,APPROVED
FAQ-PL-02-03,PL-02,POL-PL-6.2,Parental Leave,eligibility,Is there a minimum service requirement for parental leave?,"Employees who have completed 6 months of continuous employment are eligible following birth, adoption, or placement of a child.",ALL,ALL,Parental Leave Policy §6.2,Parental Leave Request Form,,CONTACT-HR-OPERATIONS,direct,hr_faq.csv,APPROVED
FAQ-PL-02-04,PL-02,POL-PL-6.2,Parental Leave,eligibility,What are the eligibility requirements for parental leave?,"Employees who have completed 6 months of continuous employment are eligible following birth, adoption, or placement of a child.",ALL,ALL,Parental Leave Policy §6.2,Parental Leave Request Form,,CONTACT-HR-OPERATIONS,direct,hr_faq.csv,APPROVED
FAQ-PL-02-05,PL-02,POL-PL-6.2,Parental Leave,eligibility,Who is eligible for parental leave?,"Employees who have completed 6 months of continuous employment are eligible following birth, adoption, or placement of a child.",ALL,ALL,Parental Leave Policy §6.2,Parental Leave Request Form,,CONTACT-HR-OPERATIONS,direct,hr_faq.csv,APPROVED
FAQ-PL-03-01,PL-03,POL-PL-6.3,Parental Leave,notice,Do I need to give 30 days' notice for parental leave?,Employees should normally submit parental leave requests 30 days in advance where reasonably possible.,ALL,ALL,Parental Leave Policy §6.3,Parental Leave Request Form,,CONTACT-HR-OPERATIONS,direct,hr_faq.csv,APPROVED
FAQ-PL-03-02,PL-03,POL-PL-6.3,Parental Leave,notice,How early should I request parental leave?,Employees should normally submit parental leave requests 30 days in advance where reasonably possible.,ALL,ALL,Parental Leave Policy §6.3,Parental Leave Request Form,,CONTACT-HR-OPERATIONS,direct,hr_faq.csv,APPROVED
FAQ-PL-03-03,PL-03,POL-PL-6.3,Parental Leave,notice,How far in advance should parental leave be submitted?,Employees should normally submit parental leave requests 30 days in advance where reasonably possible.,ALL,ALL,Parental Leave Policy §6.3,Parental Leave Request Form,,CONTACT-HR-OPERATIONS,direct,hr_faq.csv,APPROVED
FAQ-PL-03-04,PL-03,POL-PL-6.3,Parental Leave,notice,How much notice is required for parental leave?,Employees should normally submit parental leave requests 30 days in advance where reasonably possible.,ALL,ALL,Parental Leave Policy §6.3,Parental Leave Request Form,,CONTACT-HR-OPERATIONS,direct,hr_faq.csv,APPROVED
FAQ-PL-03-05,PL-03,POL-PL-6.3,Parental Leave,notice,When should I tell HR about parental leave?,Employees should normally submit parental leave requests 30 days in advance where reasonably possible.,ALL,ALL,Parental Leave Policy §6.3,Parental Leave Request Form,,CONTACT-HR-OPERATIONS,direct,hr_faq.csv,APPROVED
FAQ-PL-04-01,PL-04,POL-PL-6.4,Parental Leave,documents,Do I need supporting documents for parental leave?,"HR may request reasonable supporting documentation relating to birth, adoption, or placement.",ALL,ALL,Parental Leave Policy §6.4,Parental Leave Request Form,,CONTACT-HR-OPERATIONS,direct,hr_faq.csv,APPROVED
FAQ-PL-04-02,PL-04,POL-PL-6.4,Parental Leave,documents,What documents are required for parental leave?,"HR may request reasonable supporting documentation relating to birth, adoption, or placement.",ALL,ALL,Parental Leave Policy §6.4,Parental Leave Request Form,,CONTACT-HR-OPERATIONS,direct,hr_faq.csv,APPROVED
FAQ-PL-04-03,PL-04,POL-PL-6.4,Parental Leave,documents,What proof does HR need for parental leave?,"HR may request reasonable supporting documentation relating to birth, adoption, or placement.",ALL,ALL,Parental Leave Policy §6.4,Parental Leave Request Form,,CONTACT-HR-OPERATIONS,direct,hr_faq.csv,APPROVED
FAQ-PL-04-04,PL-04,POL-PL-6.4,Parental Leave,documents,Which documents should I submit for adoption or birth leave?,"HR may request reasonable supporting documentation relating to birth, adoption, or placement.",ALL,ALL,Parental Leave Policy §6.4,Parental Leave Request Form,,CONTACT-HR-OPERATIONS,direct,hr_faq.csv,APPROVED
FAQ-PL-04-05,PL-04,POL-PL-6.4,Parental Leave,documents,I have already used some of my leave. what documents are required for parental leave?,"HR may request reasonable supporting documentation relating to birth, adoption, or placement.",ALL,ALL,Parental Leave Policy §6.4,Parental Leave Request Form,,CONTACT-HR-OPERATIONS,context_variant,hr_faq.csv,APPROVED
FAQ-PL-05-01,PL-05,POL-PL-6.5,Parental Leave,split leave,Can I divide parental leave into two blocks?,"Parental leave may be taken continuously or in up to two blocks, subject to HR approval.",ALL,ALL,Parental Leave Policy §6.5,Parental Leave Request Form,,CONTACT-HR-OPERATIONS,direct,hr_faq.csv,APPROVED
FAQ-PL-05-02,PL-05,POL-PL-6.5,Parental Leave,split leave,Can I take parental leave in separate periods?,"Parental leave may be taken continuously or in up to two blocks, subject to HR approval.",ALL,ALL,Parental Leave Policy §6.5,Parental Leave Request Form,,CONTACT-HR-OPERATIONS,direct,hr_faq.csv,APPROVED
FAQ-PL-05-03,PL-05,POL-PL-6.5,Parental Leave,split leave,Can parental leave be split into multiple periods?,"Parental leave may be taken continuously or in up to two blocks, subject to HR approval.",ALL,ALL,Parental Leave Policy §6.5,Parental Leave Request Form,,CONTACT-HR-OPERATIONS,direct,hr_faq.csv,APPROVED
FAQ-PL-05-04,PL-05,POL-PL-6.5,Parental Leave,split leave,Is parental leave required to be continuous?,"Parental leave may be taken continuously or in up to two blocks, subject to HR approval.",ALL,ALL,Parental Leave Policy §6.5,Parental Leave Request Form,,CONTACT-HR-OPERATIONS,direct,hr_faq.csv,APPROVED
FAQ-PL-05-05,PL-05,POL-PL-6.5,Parental Leave,split leave,I have already used some of my leave. can parental leave be split into multiple periods?,"Parental leave may be taken continuously or in up to two blocks, subject to HR approval.",ALL,ALL,Parental Leave Policy §6.5,Parental Leave Request Form,,CONTACT-HR-OPERATIONS,context_variant,hr_faq.csv,APPROVED
FAQ-PL-06-01,PL-06,POL-PL-6.6,Parental Leave,paid status,Do I get paid during parental leave?,Eligible parental leave is paid for up to 16 weeks under the company policy.,ALL,ALL,Parental Leave Policy §6.6,Parental Leave Request Form,,CONTACT-HR-OPERATIONS,direct,hr_faq.csv,APPROVED
FAQ-PL-06-02,PL-06,POL-PL-6.6,Parental Leave,paid status,Is parental leave paid?,Eligible parental leave is paid for up to 16 weeks under the company policy.,ALL,ALL,Parental Leave Policy §6.6,Parental Leave Request Form,,CONTACT-HR-OPERATIONS,direct,hr_faq.csv,APPROVED
FAQ-PL-06-03,PL-06,POL-PL-6.6,Parental Leave,paid status,Is the 16-week parental leave fully paid?,Eligible parental leave is paid for up to 16 weeks under the company policy.,ALL,ALL,Parental Leave Policy §6.6,Parental Leave Request Form,,CONTACT-HR-OPERATIONS,direct,hr_faq.csv,APPROVED
FAQ-PL-06-04,PL-06,POL-PL-6.6,Parental Leave,paid status,Will I receive salary while on parental leave?,Eligible parental leave is paid for up to 16 weeks under the company policy.,ALL,ALL,Parental Leave Policy §6.6,Parental Leave Request Form,,CONTACT-HR-OPERATIONS,direct,hr_faq.csv,APPROVED
FAQ-PL-06-05,PL-06,POL-PL-6.6,Parental Leave,paid status,I have already used some of my leave. is parental leave paid?,Eligible parental leave is paid for up to 16 weeks under the company policy.,ALL,ALL,Parental Leave Policy §6.6,Parental Leave Request Form,,CONTACT-HR-OPERATIONS,context_variant,hr_faq.csv,APPROVED
FAQ-ML-01-01,ML-01,POL-GL-7.1,General Leave,combine leave,Can I combine different types of leave?,Different leave types may be combined where each leave type's eligibility and approval requirements are met.,ALL,ALL,General Leave Policy §7.1,Relevant Leave Form(s),,CONTACT-HR-OPERATIONS,direct,hr_faq.csv,APPROVED
FAQ-ML-01-02,ML-01,POL-GL-7.1,General Leave,combine leave,Can I combine paid leave with another leave category?,Different leave types may be combined where each leave type's eligibility and approval requirements are met.,ALL,ALL,General Leave Policy §7.1,Relevant Leave Form(s),,CONTACT-HR-OPERATIONS,direct,hr_faq.csv,APPROVED
FAQ-ML-01-03,ML-01,POL-GL-7.1,General Leave,combine leave,Can I take different leave types back to back?,Different leave types may be combined where each leave type's eligibility and approval requirements are met.,ALL,ALL,General Leave Policy §7.1,Relevant Leave Form(s),,CONTACT-HR-OPERATIONS,direct,hr_faq.csv,APPROVED
FAQ-ML-01-04,ML-01,POL-GL-7.1,General Leave,combine leave,Can annual and sick leave be combined?,Different leave types may be combined where each leave type's eligibility and approval requirements are met.,ALL,ALL,General Leave Policy §7.1,Relevant Leave Form(s),,CONTACT-HR-OPERATIONS,direct,hr_faq.csv,APPROVED
FAQ-ML-01-05,ML-01,POL-GL-7.1,General Leave,combine leave,I have already used some of my leave. can I combine different types of leave?,Different leave types may be combined where each leave type's eligibility and approval requirements are met.,ALL,ALL,General Leave Policy §7.1,Relevant Leave Form(s),,CONTACT-HR-OPERATIONS,context_variant,hr_faq.csv,APPROVED
FAQ-ML-02-01,ML-02,POL-GL-7.2,General Leave,unapproved leave,Can unapproved absence affect my attendance?,"Unapproved absence may be treated as unauthorized absence and may affect attendance records and pay, subject to company procedures.",ALL,ALL,General Leave Policy §7.2,Leave Regularization Form,,CONTACT-REPORTING-MANAGER,direct,hr_faq.csv,APPROVED
FAQ-ML-02-02,ML-02,POL-GL-7.2,General Leave,unapproved leave,What are the consequences of taking unauthorized leave?,"Unapproved absence may be treated as unauthorized absence and may affect attendance records and pay, subject to company procedures.",ALL,ALL,General Leave Policy §7.2,Leave Regularization Form,,CONTACT-REPORTING-MANAGER,direct,hr_faq.csv,APPROVED
FAQ-ML-02-03,ML-02,POL-GL-7.2,General Leave,unapproved leave,What happens if I don't get my leave approved?,"Unapproved absence may be treated as unauthorized absence and may affect attendance records and pay, subject to company procedures.",ALL,ALL,General Leave Policy §7.2,Leave Regularization Form,,CONTACT-REPORTING-MANAGER,direct,hr_faq.csv,APPROVED
FAQ-ML-02-04,ML-02,POL-GL-7.2,General Leave,unapproved leave,What happens if I take leave without approval?,"Unapproved absence may be treated as unauthorized absence and may affect attendance records and pay, subject to company procedures.",ALL,ALL,General Leave Policy §7.2,Leave Regularization Form,,CONTACT-REPORTING-MANAGER,direct,hr_faq.csv,APPROVED
FAQ-ML-02-05,ML-02,POL-GL-7.2,General Leave,unapproved leave,What if I take a day off without submitting a request?,"Unapproved absence may be treated as unauthorized absence and may affect attendance records and pay, subject to company procedures.",ALL,ALL,General Leave Policy §7.2,Leave Regularization Form,,CONTACT-REPORTING-MANAGER,direct,hr_faq.csv,APPROVED
FAQ-ML-03-01,ML-03,POL-GL-7.3,General Leave,balance,Can I see my remaining leave in the HR portal?,Your current leave balance is available in the HR portal.,ALL,ALL,General Leave Policy §7.3,HR Portal,,CONTACT-HR-OPERATIONS,direct,hr_faq.csv,APPROVED
FAQ-ML-03-02,ML-03,POL-GL-7.3,General Leave,balance,How do I check my vacation balance?,Your current leave balance is available in the HR portal.,ALL,ALL,General Leave Policy §7.3,HR Portal,,CONTACT-HR-OPERATIONS,direct,hr_faq.csv,APPROVED
FAQ-ML-03-03,ML-03,POL-GL-7.3,General Leave,balance,How do I see my leave balance?,Your current leave balance is available in the HR portal.,ALL,ALL,General Leave Policy §7.3,HR Portal,,CONTACT-HR-OPERATIONS,direct,hr_faq.csv,APPROVED
FAQ-ML-03-04,ML-03,POL-GL-7.3,General Leave,balance,Where can I check how many days I have left?,Your current leave balance is available in the HR portal.,ALL,ALL,General Leave Policy §7.3,HR Portal,,CONTACT-HR-OPERATIONS,direct,hr_faq.csv,APPROVED
FAQ-ML-03-05,ML-03,POL-GL-7.3,General Leave,balance,Where can I check my remaining leave balance?,Your current leave balance is available in the HR portal.,ALL,ALL,General Leave Policy §7.3,HR Portal,,CONTACT-HR-OPERATIONS,direct,hr_faq.csv,APPROVED
FAQ-ML-04-01,ML-04,POL-GL-7.4,General Leave,contact,Should I contact my manager or HR about leave?,Contact your reporting manager for approval questions or HR Operations for policy and system questions.,ALL,ALL,General Leave Policy §7.4,HR Helpdesk,,CONTACT-REPORTING-MANAGER,direct,hr_faq.csv,APPROVED
FAQ-ML-04-02,ML-04,POL-GL-7.4,General Leave,contact,Who can help if I have an issue with my leave?,Contact your reporting manager for approval questions or HR Operations for policy and system questions.,ALL,ALL,General Leave Policy §7.4,HR Helpdesk,,CONTACT-REPORTING-MANAGER,direct,hr_faq.csv,APPROVED
FAQ-ML-04-03,ML-04,POL-GL-7.4,General Leave,contact,Who do I contact for leave policy questions?,Contact your reporting manager for approval questions or HR Operations for policy and system questions.,ALL,ALL,General Leave Policy §7.4,HR Helpdesk,,CONTACT-REPORTING-MANAGER,direct,hr_faq.csv,APPROVED
FAQ-ML-04-04,ML-04,POL-GL-7.4,General Leave,contact,Who handles leave questions?,Contact your reporting manager for approval questions or HR Operations for policy and system questions.,ALL,ALL,General Leave Policy §7.4,HR Helpdesk,,CONTACT-REPORTING-MANAGER,direct,hr_faq.csv,APPROVED
FAQ-ML-04-05,ML-04,POL-GL-7.4,General Leave,contact,Who should I contact about a leave problem?,Contact your reporting manager for approval questions or HR Operations for policy and system questions.,ALL,ALL,General Leave Policy §7.4,HR Helpdesk,,CONTACT-REPORTING-MANAGER,direct,hr_faq.csv,APPROVED
FAQ-ML-05-01,ML-05,POL-GL-7.5,General Leave,urgent leave,Can I request emergency leave?,Notify your reporting manager as soon as possible and submit the appropriate leave request through the HR portal when practical.,ALL,ALL,General Leave Policy §7.5,Relevant Leave Form,,CONTACT-REPORTING-MANAGER,direct,hr_faq.csv,APPROVED
FAQ-ML-05-02,ML-05,POL-GL-7.5,General Leave,urgent leave,How do I request leave at short notice?,Notify your reporting manager as soon as possible and submit the appropriate leave request through the HR portal when practical.,ALL,ALL,General Leave Policy §7.5,Relevant Leave Form,,CONTACT-REPORTING-MANAGER,direct,hr_faq.csv,APPROVED
FAQ-ML-05-03,ML-05,POL-GL-7.5,General Leave,urgent leave,What if I need to take leave immediately?,Notify your reporting manager as soon as possible and submit the appropriate leave request through the HR portal when practical.,ALL,ALL,General Leave Policy §7.5,Relevant Leave Form,,CONTACT-REPORTING-MANAGER,direct,hr_faq.csv,APPROVED
FAQ-ML-05-04,ML-05,POL-GL-7.5,General Leave,urgent leave,What should I do if I need urgent leave?,Notify your reporting manager as soon as possible and submit the appropriate leave request through the HR portal when practical.,ALL,ALL,General Leave Policy §7.5,Relevant Leave Form,,CONTACT-REPORTING-MANAGER,direct,hr_faq.csv,APPROVED
FAQ-ML-05-05,ML-05,POL-GL-7.5,General Leave,urgent leave,Who should I notify if an emergency requires me to take leave?,Notify your reporting manager as soon as possible and submit the appropriate leave request through the HR portal when practical.,ALL,ALL,General Leave Policy §7.5,Relevant Leave Form,,CONTACT-REPORTING-MANAGER,direct,hr_faq.csv,APPROVED
