source_section_id,policy_id,category,topic,policy_text,key_rule,form_name,contact,source_file,version,status
AL-3.1,LV-01,Annual Leave,Entitlement,Employees are entitled to 18 paid annual leave days per calendar year.,18 paid days per calendar year.,Annual Leave Request Form,HR Operations,hr_policy_sections(3).csv,SOURCE-V1,SOURCE_OF_TRUTH
AL-3.2,LV-02,Annual Leave,Application,Annual leave must be requested through the HR portal using the Annual Leave Request Form.,Submit through the HR portal.,Annual Leave Request Form,HR Operations,hr_policy_sections(3).csv,SOURCE-V1,SOURCE_OF_TRUTH
AL-3.3,LV-03,Annual Leave,Notice,Employees should normally submit annual leave requests at least 3 working days before the intended leave date.,3 working days' advance notice.,Annual Leave Request Form,HR Operations,hr_policy_sections(3).csv,SOURCE-V1,SOURCE_OF_TRUTH
AL-3.4,LV-04,Annual Leave,Half-day Leave,Annual leave may be taken in half-day increments.,Minimum increment: 0.5 day.,Annual Leave Request Form,HR Operations,hr_policy_sections(3).csv,SOURCE-V1,SOURCE_OF_TRUTH
AL-3.5,LV-05,Annual Leave,Carry Forward,Up to 5 unused annual leave days may be carried forward to the following calendar year. Carry-forward days expire after the following calendar year.,Maximum carry-forward: 5 days.,,HR Operations,hr_policy_sections(3).csv,SOURCE-V1,SOURCE_OF_TRUTH
AL-3.6,LV-06,Annual Leave,Encashment,"Eligible unused annual leave may be encashed at separation, subject to company policy and applicable rules.",Eligibility is determined during separation processing.,Separation/Leave Encashment Form,HR Operations,hr_policy_sections(3).csv,SOURCE-V1,SOURCE_OF_TRUTH
AL-3.7,LV-07,Annual Leave,Approval,A manager may decline or request a different leave date when there is a genuine operational requirement.,Manager approval is required.,Annual Leave Request Form,Reporting Manager / HR Operations,hr_policy_sections(3).csv,SOURCE-V1,SOURCE_OF_TRUTH
AL-3.8,LV-08,Annual Leave,Separation,Eligible unused annual leave is handled during separation according to the leave encashment policy.,Final treatment is determined during separation processing.,Separation/Leave Encashment Form,HR Operations,hr_policy_sections(3).csv,SOURCE-V1,SOURCE_OF_TRUTH
SL-4.1,SL-01,Sick Leave,Entitlement,Employees receive 10 paid sick leave days per calendar year.,10 paid days per calendar year.,Sick Leave Request Form,HR Operations,hr_policy_sections(3).csv,SOURCE-V1,SOURCE_OF_TRUTH
SL-4.2,SL-02,Sick Leave,Application,Sick leave should be recorded through the HR portal as soon as reasonably possible.,Notify the company and record the absence in the HR portal.,Sick Leave Request Form,HR Operations,hr_policy_sections(3).csv,SOURCE-V1,SOURCE_OF_TRUTH
SL-4.3,SL-03,Sick Leave,Medical Certificate,A medical certificate is required when sick leave exceeds 2 consecutive working days.,Medical certificate required after 2 consecutive working days.,Sick Leave Request Form,HR Operations,hr_policy_sections(3).csv,SOURCE-V1,SOURCE_OF_TRUTH
SL-4.4,SL-04,Sick Leave,Unexpected Illness,"If an employee becomes suddenly ill and cannot apply beforehand, they should notify their manager as soon as reasonably possible and record the sick leave when able.",Prompt notification is required where practical.,Sick Leave Request Form,Reporting Manager / HR Operations,hr_policy_sections(3).csv,SOURCE-V1,SOURCE_OF_TRUTH
SL-4.5,SL-05,Sick Leave,Half-day Leave,Sick leave may be taken in half-day increments.,Minimum increment: 0.5 day.,Sick Leave Request Form,HR Operations,hr_policy_sections(3).csv,SOURCE-V1,SOURCE_OF_TRUTH
SL-4.6,SL-06,Sick Leave,Carry Forward,Unused sick leave does not carry forward to the next calendar year.,No carry-forward.,,HR Operations,hr_policy_sections(3).csv,SOURCE-V1,SOURCE_OF_TRUTH
UL-5.1,UL-01,Unpaid Leave,Eligibility,"Unpaid leave may be requested when paid leave has been exhausted or for a genuine personal reason, subject to approval.","Paid leave should generally be exhausted first, unless HR approves otherwise.",Unpaid Leave Request Form,Reporting Manager / HR Operations,hr_policy_sections(3).csv,SOURCE-V1,SOURCE_OF_TRUTH
UL-5.2,UL-02,Unpaid Leave,Application,Employees must submit an Unpaid Leave Request Form through the HR portal and obtain the required manager and HR approvals.,Manager and HR approval required.,Unpaid Leave Request Form,HR Operations,hr_policy_sections(3).csv,SOURCE-V1,SOURCE_OF_TRUTH
UL-5.3,UL-03,Unpaid Leave,Approval,"Approval depends on the reason, operational impact, available paid leave, and manager and HR review.",Approval is case-by-case.,Unpaid Leave Request Form,Reporting Manager / HR Operations,hr_policy_sections(3).csv,SOURCE-V1,SOURCE_OF_TRUTH
UL-5.4,UL-04,Unpaid Leave,Salary Impact,Salary is reduced in proportion to approved unpaid leave days.,Unpaid days are unpaid and reduce salary accordingly.,Unpaid Leave Request Form,Payroll / HR Operations,hr_policy_sections(3).csv,SOURCE-V1,SOURCE_OF_TRUTH
PL-6.1,PL-01,Parental Leave,Entitlement,Eligible employees may receive 16 weeks of paid parental leave.,16 weeks paid parental leave.,Parental Leave Request Form,HR Operations,hr_policy_sections(3).csv,SOURCE-V1,SOURCE_OF_TRUTH
PL-6.2,PL-02,Parental Leave,Eligibility,"Employees who have completed 6 months of continuous employment are eligible following birth, adoption, or placement of a child.",Minimum service: 6 continuous months.,Parental Leave Request Form,HR Operations,hr_policy_sections(3).csv,SOURCE-V1,SOURCE_OF_TRUTH
PL-6.3,PL-03,Parental Leave,Notice,Employees should normally submit parental leave requests 30 days in advance where reasonably possible.,30 days' advance notice where reasonably possible.,Parental Leave Request Form,HR Operations,hr_policy_sections(3).csv,SOURCE-V1,SOURCE_OF_TRUTH
PL-6.4,PL-04,Parental Leave,Documentation,"HR may request reasonable supporting documentation relating to birth, adoption, or placement.",Supporting documentation may be required.,Parental Leave Request Form,HR Operations,hr_policy_sections(3).csv,SOURCE-V1,SOURCE_OF_TRUTH
PL-6.5,PL-05,Parental Leave,Splitting Leave,"Parental leave may be taken continuously or in up to two blocks, subject to HR approval.",Maximum: two blocks.,Parental Leave Request Form,HR Operations,hr_policy_sections(3).csv,SOURCE-V1,SOURCE_OF_TRUTH
PL-6.6,PL-06,Parental Leave,Paid Status,Eligible parental leave is paid for up to 16 weeks under company policy.,Paid for up to 16 weeks.,Parental Leave Request Form,HR Operations,hr_policy_sections(3).csv,SOURCE-V1,SOURCE_OF_TRUTH
GL-7.1,ML-01,General Leave,Combining Leave,Different leave types may be combined where each leave type's eligibility and approval requirements are met.,Each leave type must independently satisfy its requirements.,Relevant Leave Form(s),HR Operations,hr_policy_sections(3).csv,SOURCE-V1,SOURCE_OF_TRUTH
GL-7.2,ML-02,General Leave,Unauthorized Absence,"Unapproved absence may be treated as unauthorized absence and may affect attendance records and pay, subject to company procedures.",Approval should be obtained before leave except in genuine emergencies.,Leave Regularization Form,Reporting Manager / HR Operations,hr_policy_sections(3).csv,SOURCE-V1,SOURCE_OF_TRUTH
GL-7.3,ML-03,General Leave,Leave Balance,Employees can view their current leave balance in the HR portal.,Check the HR portal for the current balance.,HR Portal,HR Operations,hr_policy_sections(3).csv,SOURCE-V1,SOURCE_OF_TRUTH
GL-7.4,ML-04,General Leave,Support,Employees should contact their reporting manager for approval questions and HR Operations for policy or system questions.,Manager: approval. HR: policy/system support.,HR Helpdesk,Reporting Manager / HR Operations,hr_policy_sections(3).csv,SOURCE-V1,SOURCE_OF_TRUTH
GL-7.5,ML-05,General Leave,Urgent Leave,"For urgent leave, employees should notify their reporting manager as soon as possible and submit the appropriate leave request through the HR portal when practical.",Prompt manager notification is expected.,Relevant Leave Form,Reporting Manager / HR Operations,hr_policy_sections(3).csv,SOURCE-V1,SOURCE_OF_TRUTH
BL-8.1,BL-8.1,Bereavement Leave,Entitlement,Employees may receive up to 5 paid working days of bereavement leave following the death of an immediate family member.,Up to 5 paid working days.,Bereavement Leave Form,HR Operations,hr_policy_sections(3).csv,SOURCE-V1,SOURCE_OF_TRUTH
BL-8.2,BL-8.2,Bereavement Leave,Eligibility,"Bereavement leave applies to the death of an immediate family member, including a spouse, parent, child, sibling, or legal guardian.",Immediate-family relationship must apply.,Bereavement Leave Form,HR Operations,hr_policy_sections(3).csv,SOURCE-V1,SOURCE_OF_TRUTH
BL-8.3,BL-8.3,Bereavement Leave,Application,Employees should notify their manager as soon as reasonably possible and submit the Bereavement Leave Form when practical.,Prompt notification; documentation may be requested.,Bereavement Leave Form,Reporting Manager / HR Operations,hr_policy_sections(3).csv,SOURCE-V1,SOURCE_OF_TRUTH
