chunk_id,policy_id,policy_name,version,effective_date,last_reviewed,section,section_title,text,key_rule,category,allowed_roles,regions,form_name,form_link,contact_id,source,source_type,access_status
POL-AL-3.1,LV-01,Annual Leave,1.0-DRAFT,TO_BE_DEFINED_BY_MANAGEMENT,,AL-3.1,Entitlement,Employees are entitled to 18 paid annual leave days per calendar year.,18 paid days per calendar year.,Annual Leave,ALL,ALL,Annual Leave Request Form,,CONTACT-HR-OPERATIONS,hr_policy_sections.csv,SOURCE_DOCUMENT,APPROVED
POL-AL-3.2,LV-02,Annual Leave,1.0-DRAFT,TO_BE_DEFINED_BY_MANAGEMENT,,AL-3.2,Application,Annual leave must be requested through the HR portal using the Annual Leave Request Form.,Submit through the HR portal.,Annual Leave,ALL,ALL,Annual Leave Request Form,,CONTACT-HR-OPERATIONS,hr_policy_sections.csv,SOURCE_DOCUMENT,APPROVED
POL-AL-3.3,LV-03,Annual Leave,1.0-DRAFT,TO_BE_DEFINED_BY_MANAGEMENT,,AL-3.3,Notice,Employees should normally submit annual leave requests at least 3 working days before the intended leave date.,3 working days' advance notice.,Annual Leave,ALL,ALL,Annual Leave Request Form,,CONTACT-HR-OPERATIONS,hr_policy_sections.csv,SOURCE_DOCUMENT,APPROVED
POL-AL-3.4,LV-04,Annual Leave,1.0-DRAFT,TO_BE_DEFINED_BY_MANAGEMENT,,AL-3.4,Half-day Leave,Annual leave may be taken in half-day increments.,Minimum increment: 0.5 day.,Annual Leave,ALL,ALL,Annual Leave Request Form,,CONTACT-HR-OPERATIONS,hr_policy_sections.csv,SOURCE_DOCUMENT,APPROVED
POL-AL-3.5,LV-05,Annual Leave,1.0-DRAFT,TO_BE_DEFINED_BY_MANAGEMENT,,AL-3.5,Carry Forward,Up to 5 unused annual leave days may be carried forward to the following calendar year. Carry-forward days expire after the following calendar year.,Maximum carry-forward: 5 days.,Annual Leave,ALL,ALL,,,CONTACT-HR-OPERATIONS,hr_policy_sections.csv,SOURCE_DOCUMENT,APPROVED
POL-AL-3.6,LV-06,Annual Leave,1.0-DRAFT,TO_BE_DEFINED_BY_MANAGEMENT,,AL-3.6,Encashment,"Eligible unused annual leave may be encashed at separation, subject to company policy and applicable rules.",Eligibility is determined during separation processing.,Annual Leave,ALL,ALL,Separation/Leave Encashment Form,,CONTACT-HR-OPERATIONS,hr_policy_sections.csv,SOURCE_DOCUMENT,APPROVED
POL-AL-3.7,LV-07,Annual Leave,1.0-DRAFT,TO_BE_DEFINED_BY_MANAGEMENT,,AL-3.7,Approval,A manager may decline or request a different leave date when there is a genuine operational requirement.,Manager approval is required.,Annual Leave,ALL,ALL,Annual Leave Request Form,,CONTACT-REPORTING-MANAGER,hr_policy_sections.csv,SOURCE_DOCUMENT,APPROVED
POL-AL-3.8,LV-08,Annual Leave,1.0-DRAFT,TO_BE_DEFINED_BY_MANAGEMENT,,AL-3.8,Separation,Eligible unused annual leave is handled during separation according to the leave encashment policy.,Final treatment is determined during separation processing.,Annual Leave,ALL,ALL,Separation/Leave Encashment Form,,CONTACT-HR-OPERATIONS,hr_policy_sections.csv,SOURCE_DOCUMENT,APPROVED
POL-SL-4.1,SL-01,Sick Leave,1.0-DRAFT,TO_BE_DEFINED_BY_MANAGEMENT,,SL-4.1,Entitlement,Employees receive 10 paid sick leave days per calendar year.,10 paid days per calendar year.,Sick Leave,ALL,ALL,Sick Leave Request Form,,CONTACT-HR-OPERATIONS,hr_policy_sections.csv,SOURCE_DOCUMENT,APPROVED
POL-SL-4.2,SL-02,Sick Leave,1.0-DRAFT,TO_BE_DEFINED_BY_MANAGEMENT,,SL-4.2,Application,Sick leave should be recorded through the HR portal as soon as reasonably possible.,Notify the company and record the absence in the HR portal.,Sick Leave,ALL,ALL,Sick Leave Request Form,,CONTACT-HR-OPERATIONS,hr_policy_sections.csv,SOURCE_DOCUMENT,APPROVED
POL-SL-4.3,SL-03,Sick Leave,1.0-DRAFT,TO_BE_DEFINED_BY_MANAGEMENT,,SL-4.3,Medical Certificate,A medical certificate is required when sick leave exceeds 2 consecutive working days.,Medical certificate required after 2 consecutive working days.,Sick Leave,ALL,ALL,Sick Leave Request Form,,CONTACT-HR-OPERATIONS,hr_policy_sections.csv,SOURCE_DOCUMENT,APPROVED
POL-SL-4.4,SL-04,Sick Leave,1.0-DRAFT,TO_BE_DEFINED_BY_MANAGEMENT,,SL-4.4,Unexpected Illness,"If an employee becomes suddenly ill and cannot apply beforehand, they should notify their manager as soon as reasonably possible and record the sick leave when able.",Prompt notification is required where practical.,Sick Leave,ALL,ALL,Sick Leave Request Form,,CONTACT-REPORTING-MANAGER,hr_policy_sections.csv,SOURCE_DOCUMENT,APPROVED
POL-SL-4.5,SL-05,Sick Leave,1.0-DRAFT,TO_BE_DEFINED_BY_MANAGEMENT,,SL-4.5,Half-day Leave,Sick leave may be taken in half-day increments.,Minimum increment: 0.5 day.,Sick Leave,ALL,ALL,Sick Leave Request Form,,CONTACT-HR-OPERATIONS,hr_policy_sections.csv,SOURCE_DOCUMENT,APPROVED
POL-SL-4.6,SL-06,Sick Leave,1.0-DRAFT,TO_BE_DEFINED_BY_MANAGEMENT,,SL-4.6,Carry Forward,Unused sick leave does not carry forward to the next calendar year.,No carry-forward.,Sick Leave,ALL,ALL,,,CONTACT-HR-OPERATIONS,hr_policy_sections.csv,SOURCE_DOCUMENT,APPROVED
POL-UL-5.1,UL-01,Unpaid Leave,1.0-DRAFT,TO_BE_DEFINED_BY_MANAGEMENT,,UL-5.1,Eligibility,"Unpaid leave may be requested when paid leave has been exhausted or for a genuine personal reason, subject to approval.","Paid leave should generally be exhausted first, unless HR approves otherwise.",Unpaid Leave,ALL,ALL,Unpaid Leave Request Form,,CONTACT-REPORTING-MANAGER,hr_policy_sections.csv,SOURCE_DOCUMENT,APPROVED
POL-UL-5.2,UL-02,Unpaid Leave,1.0-DRAFT,TO_BE_DEFINED_BY_MANAGEMENT,,UL-5.2,Application,Employees must submit an Unpaid Leave Request Form through the HR portal and obtain the required manager and HR approvals.,Manager and HR approval required.,Unpaid Leave,ALL,ALL,Unpaid Leave Request Form,,CONTACT-HR-OPERATIONS,hr_policy_sections.csv,SOURCE_DOCUMENT,APPROVED
POL-UL-5.3,UL-03,Unpaid Leave,1.0-DRAFT,TO_BE_DEFINED_BY_MANAGEMENT,,UL-5.3,Approval,"Approval depends on the reason, operational impact, available paid leave, and manager and HR review.",Approval is case-by-case.,Unpaid Leave,ALL,ALL,Unpaid Leave Request Form,,CONTACT-REPORTING-MANAGER,hr_policy_sections.csv,SOURCE_DOCUMENT,APPROVED
POL-UL-5.4,UL-04,Unpaid Leave,1.0-DRAFT,TO_BE_DEFINED_BY_MANAGEMENT,,UL-5.4,Salary Impact,Salary is reduced in proportion to approved unpaid leave days.,Unpaid days are unpaid and reduce salary accordingly.,Unpaid Leave,ALL,ALL,Unpaid Leave Request Form,,CONTACT-PAYROLL-HR,hr_policy_sections.csv,SOURCE_DOCUMENT,APPROVED
POL-PL-6.1,PL-01,Parental Leave,1.0-DRAFT,TO_BE_DEFINED_BY_MANAGEMENT,,PL-6.1,Entitlement,Eligible employees may receive 16 weeks of paid parental leave.,16 weeks paid parental leave.,Parental Leave,ALL,ALL,Parental Leave Request Form,,CONTACT-HR-OPERATIONS,hr_policy_sections.csv,SOURCE_DOCUMENT,APPROVED
POL-PL-6.2,PL-02,Parental Leave,1.0-DRAFT,TO_BE_DEFINED_BY_MANAGEMENT,,PL-6.2,Eligibility,"Employees who have completed 6 months of continuous employment are eligible following birth, adoption, or placement of a child.",Minimum service: 6 continuous months.,Parental Leave,ALL,ALL,Parental Leave Request Form,,CONTACT-HR-OPERATIONS,hr_policy_sections.csv,SOURCE_DOCUMENT,APPROVED
POL-PL-6.3,PL-03,Parental Leave,1.0-DRAFT,TO_BE_DEFINED_BY_MANAGEMENT,,PL-6.3,Notice,Employees should normally submit parental leave requests 30 days in advance where reasonably possible.,30 days' advance notice where reasonably possible.,Parental Leave,ALL,ALL,Parental Leave Request Form,,CONTACT-HR-OPERATIONS,hr_policy_sections.csv,SOURCE_DOCUMENT,APPROVED
POL-PL-6.4,PL-04,Parental Leave,1.0-DRAFT,TO_BE_DEFINED_BY_MANAGEMENT,,PL-6.4,Documentation,"HR may request reasonable supporting documentation relating to birth, adoption, or placement.",Supporting documentation may be required.,Parental Leave,ALL,ALL,Parental Leave Request Form,,CONTACT-HR-OPERATIONS,hr_policy_sections.csv,SOURCE_DOCUMENT,APPROVED
POL-PL-6.5,PL-05,Parental Leave,1.0-DRAFT,TO_BE_DEFINED_BY_MANAGEMENT,,PL-6.5,Splitting Leave,"Parental leave may be taken continuously or in up to two blocks, subject to HR approval.",Maximum: two blocks.,Parental Leave,ALL,ALL,Parental Leave Request Form,,CONTACT-HR-OPERATIONS,hr_policy_sections.csv,SOURCE_DOCUMENT,APPROVED
POL-PL-6.6,PL-06,Parental Leave,1.0-DRAFT,TO_BE_DEFINED_BY_MANAGEMENT,,PL-6.6,Paid Status,Eligible parental leave is paid for up to 16 weeks under company policy.,Paid for up to 16 weeks.,Parental Leave,ALL,ALL,Parental Leave Request Form,,CONTACT-HR-OPERATIONS,hr_policy_sections.csv,SOURCE_DOCUMENT,APPROVED
POL-GL-7.1,ML-01,General Leave,1.0-DRAFT,TO_BE_DEFINED_BY_MANAGEMENT,,GL-7.1,Combining Leave,Different leave types may be combined where each leave type's eligibility and approval requirements are met.,Each leave type must independently satisfy its requirements.,General Leave,ALL,ALL,Relevant Leave Form(s),,CONTACT-HR-OPERATIONS,hr_policy_sections.csv,SOURCE_DOCUMENT,APPROVED
POL-GL-7.2,ML-02,General Leave,1.0-DRAFT,TO_BE_DEFINED_BY_MANAGEMENT,,GL-7.2,Unauthorized Absence,"Unapproved absence may be treated as unauthorized absence and may affect attendance records and pay, subject to company procedures.",Approval should be obtained before leave except in genuine emergencies.,General Leave,ALL,ALL,Leave Regularization Form,,CONTACT-REPORTING-MANAGER,hr_policy_sections.csv,SOURCE_DOCUMENT,APPROVED
POL-GL-7.3,ML-03,General Leave,1.0-DRAFT,TO_BE_DEFINED_BY_MANAGEMENT,,GL-7.3,Leave Balance,Employees can view their current leave balance in the HR portal.,Check the HR portal for the current balance.,General Leave,ALL,ALL,HR Portal,,CONTACT-HR-OPERATIONS,hr_policy_sections.csv,SOURCE_DOCUMENT,APPROVED
POL-GL-7.4,ML-04,General Leave,1.0-DRAFT,TO_BE_DEFINED_BY_MANAGEMENT,,GL-7.4,Support,Employees should contact their reporting manager for approval questions and HR Operations for policy or system questions.,Manager: approval. HR: policy/system support.,General Leave,ALL,ALL,HR Helpdesk,,CONTACT-REPORTING-MANAGER,hr_policy_sections.csv,SOURCE_DOCUMENT,APPROVED
POL-GL-7.5,ML-05,General Leave,1.0-DRAFT,TO_BE_DEFINED_BY_MANAGEMENT,,GL-7.5,Urgent Leave,"For urgent leave, employees should notify their reporting manager as soon as possible and submit the appropriate leave request through the HR portal when practical.",Prompt manager notification is expected.,General Leave,ALL,ALL,Relevant Leave Form,,CONTACT-REPORTING-MANAGER,hr_policy_sections.csv,SOURCE_DOCUMENT,APPROVED
POL-BL-8.1,BL-8.1,Bereavement Leave,1.0-DRAFT,TO_BE_DEFINED_BY_MANAGEMENT,,BL-8.1,Entitlement,Employees may receive up to 5 paid working days of bereavement leave following the death of an immediate family member.,Up to 5 paid working days.,Bereavement Leave,ALL,ALL,Bereavement Leave Form,,CONTACT-HR-OPERATIONS,hr_policy_sections.csv,SOURCE_DOCUMENT,APPROVED
POL-BL-8.2,BL-8.2,Bereavement Leave,1.0-DRAFT,TO_BE_DEFINED_BY_MANAGEMENT,,BL-8.2,Eligibility,"Bereavement leave applies to the death of an immediate family member, including a spouse, parent, child, sibling, or legal guardian.",Immediate-family relationship must apply.,Bereavement Leave,ALL,ALL,Bereavement Leave Form,,CONTACT-HR-OPERATIONS,hr_policy_sections.csv,SOURCE_DOCUMENT,APPROVED
POL-BL-8.3,BL-8.3,Bereavement Leave,1.0-DRAFT,TO_BE_DEFINED_BY_MANAGEMENT,,BL-8.3,Application,Employees should notify their manager as soon as reasonably possible and submit the Bereavement Leave Form when practical.,Prompt notification; documentation may be requested.,Bereavement Leave,ALL,ALL,Bereavement Leave Form,,CONTACT-REPORTING-MANAGER,hr_policy_sections.csv,SOURCE_DOCUMENT,APPROVED
